idDocumento,idInstituicao,siglaInstituicaoUnidade,curso,nivelCurso,idAutor,autor,idOrientador,orientador,idCoorientadorInterno,coorientadorInterno,idCoorientadorExterno,coorientadorExterno,semetreEntrada,idDefesa,dataDefesa,enderecoWebDissertação,titulo,resumo,abstract,idMembroBancaInterno,idMembroBancaInterno1,membroBancaInterno1,idMembroBancaInterno2,membroBancaInterno2,idMembroBancaInterno3,membroBancaInterno3,idMembroExterno,idMembroBancaExterno1,membroBancaExterno1,idMembroBancaExterno2,membroBancaExterno2,idPalavraChave,palavraChave1,palavraChave2,palavraChave3,palavraChave4,palavraChave5,palavraChave6,palavraChave7,keyword1,keyword2,keyword3,keyword4,keyword5,keyword6,keyword7,tipoPDF,numPaginas,idioma,disseminarMetadados,cursoReconciliado,cursoSameAsWikidata,cursoCodigoWikidata,cursoSameAsDbpedia,nivelReconciliado,nivelSameAsWikidata,nivelCodigoWikidata,nivelSameAsDbpedia,idiomaReconciliado,idiomaLinguagemRegulamentada,idiomaAdotadoPorPais,idiomaCodigoDeLinguagemWikimedia
DOC0001,INS0002,UFES - campus Goiabeiras,Ciência da Informação,Mestrado,PES0001,Adriana Isidório da Silva Zamite,PES0016,Maira Cristina Grigoleto,,,,,2020/1,DEF0001,2022-06-15T00:00:00Z,https://sappg.ufes.br/tese_drupal//tese_16445_Disserta%E7%E3o%20de%20Adriana%20Isid%F3rio%20da%20Silva%20Zamite%20.pdf,"O papel da biblioteca no processo de obtenção da remição de pena pelo trabalho, estudo e pela leitura no Complexo Penitenciário de Xuri no Estado do Espírito Santo (ES)","O Estado do Espírito Santo possui trinta e seis estabelecimentos prisionais, destes, trinta possuem bibliotecas. Diante desta informação, este estudo investiga o papel da biblioteca no Complexo Penitenciário de Xuri nos processos de acesso à informação e da remição de pena pelo trabalho, estudo e leitura. Em específico, relata a conformação da pena e da prisão no cenário da execução penal no Brasil; identifica o funcionamento e as práticas de remição de pena desenvolvidas pelas unidades prisionais a partir de suas vinculações com as bibliotecas do Complexo Penitenciário de Xuri em Vila Velha no Espírito Santo; caracteriza os usos das bibliotecas prisionais como espaço para práticas socioeducativas e de acesso à informação para os internos do Complexo Penitenciário de Xuri, em Vila Velha; e analisa as potencialidades para a implementação de projetos voltados para remição de pena pela leitura no Complexo Penitenciário de Xuri, em Vila Velha, a partir de uma política emancipatória da unidade penal mediada pela biblioteca. Utiliza pesquisa exploratório-descritiva com abordagem qualitativa. Quanto aos procedimentos metodológicos, emprega as pesquisas bibliográfica, documental e de campo. Realiza levantamento bibliográfico e documental em bases de dados, livros, documentos oficiais e normativas do direito penal. Em relação à pesquisa de campo, utiliza como instrumento de coleta de dados questionário e observação. Durante etapa de pesquisa de campo, foram aplicados questionários presencialmente para a representante da Subgerência de Educação nas Prisões do Estado do Espírito Santo e para os internos que trabalham na biblioteca do Complexo Penitenciário de Xuri. Para a análise dos dados, utiliza o método de análise de conteúdo. Aponta nos resultados que a biblioteca possui relevância para os internos, por tratar-se de um espaço de conhecimento, de entretenimento e de trabalho, porém, é pouco explorada pela instituição. Conclui que a biblioteca é um dispositivo socioeducativo e cultural para os reeducandos, além de um lugar para remir a pena, mas que necessita ser (re) conhecida e valorizada como tal pela instituição, para que a mesma promova ações que contribuam para uso criativo e educativo do tempo do reeducando e de sua reintegração ao coletivo.","The State of Espírito Santo has thirty-six prisons, of which thirty have libraries. Given this
information, this study investigates the role of the library in the Xuri Penitentiary Complex
in the processes of access to information and the remission of punishment through work,
study and reading. Specifically, it reports the conformation of punishment and
imprisonment in the context of criminal execution in Brazil; identifies the functioning and
practices of penalty redemption developed by the prison units from their links with the
libraries of the Xuri Penitentiary Complex in Vila Velha in Espírito Santo; characterizes
the uses of prison libraries as a space for socio-educational practices and access to
information for inmates at the Xuri Penitentiary Complex, in Vila Velha; and analyzes the
potential for the implementation of projects aimed at remission of punishment through
reading in the Xuri Penitentiary Complex, in Vila Velha, based on an emancipatory policy
of the penal unit mediated by the library. It uses exploratory-descriptive research with a
qualitative approach. As for the methodological procedures, it uses bibliographic,
documentary and field research. Conducts bibliographic and documentary research in
databases, books, official documents and criminal law regulations. Regarding field
research, it uses a questionnaire and observation as a data collection instrument. During
the field research stage, questionnaires were applied in person to the representative of
the Sub-management of Education in Prisons in the State of Espírito Santo and to the
inmates who work in the library of the Xuri Penitentiary Complex. For data analysis, it
uses the content analysis method. It points out in the results that the library has relevance
for the inmates, because it is a space of knowledge, entertainment and work, however, it
is little explored by the institution. It concludes that the library is a socio-educational and
cultural device for the reeducated, as well as a place to redeem the penalty, but that it
needs to be (re) known and valued as such by the institution, so that it promotes actions
that contribute to creative and educational period of the re-educating person and their
reintegration into the collective.",MBI0001,PES0014,Lucileide Andrade de Lima do Nascimento,,,,,MBE0001,PES0034,Daniella Camara Pizarro,,,PVC0001,Biblioteca prisional,Remição de pena,Pena-prisão,"Sistema prisional
do Espírito Santo",Bibliotecário,,,Prison library,Remission of penalty,Prison sentence,Espírito Santo prison system,Librarian,,,PDF/A-1b,168,Português,sim,information science,http://www.wikidata.org/entity/Q16387,Q16387,http://dbpedia.org/resource/Ci%C3%AAncia_da_informa%C3%A7%C3%A3o,master's degree,http://www.wikidata.org/entity/Q183816,Q183816,http://dbpedia.org/resource/Master's_degree,Portuguese,International Portuguese Language Institute,Portugal,pt
,,,,,,,,,,,,,,,,,,,,,,,,,,,,,,,,,,,,,,,,,,,,,,,,,,,,,,,,,,,,Community of Portuguese Language Countries,Brazil,
,,,,,,,,,,,,,,,,,,,,,,,,,,,,,,,,,,,,,,,,,,,,,,,,,,,,,,,,,,,,Brazilian Academy of Letters,Spain,
,,,,,,,,,,,,,,,,,,,,,,,,,,,,,,,,,,,,,,,,,,,,,,,,,,,,,,,,,,,,Sciences Academy of Lisbon,Angola,
,,,,,,,,,,,,,,,,,,,,,,,,,,,,,,,,,,,,,,,,,,,,,,,,,,,,,,,,,,,,,Cape Verde,
,,,,,,,,,,,,,,,,,,,,,,,,,,,,,,,,,,,,,,,,,,,,,,,,,,,,,,,,,,,,,Taiwan,
,,,,,,,,,,,,,,,,,,,,,,,,,,,,,,,,,,,,,,,,,,,,,,,,,,,,,,,,,,,,,East Timor,
,,,,,,,,,,,,,,,,,,,,,,,,,,,,,,,,,,,,,,,,,,,,,,,,,,,,,,,,,,,,,Guinea-Bissau,
,,,,,,,,,,,,,,,,,,,,,,,,,,,,,,,,,,,,,,,,,,,,,,,,,,,,,,,,,,,,,Mozambique,
,,,,,,,,,,,,,,,,,,,,,,,,,,,,,,,,,,,,,,,,,,,,,,,,,,,,,,,,,,,,,São Tomé and Príncipe,
DOC0002,INS0002,UFES - campus Goiabeiras,Ciência da Informação,Mestrado,PES0002,Alessandra Monteiro Pattuzzo Caetano,PES0010,Gleice Pereira,,,,,2020/1,DEF0002,2022-03-16T00:00:00Z,https://sappg.ufes.br/tese_drupal//tese_16095_DISSERTA%C7%C3O%20APROVADA_ALESSANDRAMPCAETANO20220615-90454.pdf,Biblioteca universitária como espaço de aprendizagem: a competência em informação e a colaboração educativa entre bibliotecário e professor,"A pesquisa tem como objetivo geral compreender o processo de planejamento e realização de ações colaborativas entre bibliotecários e professores, orientadas à competência em informação, presenciais e digitais, de bibliotecas de IES (públicas e privadas) localizadas na Grande Vitória (ES). A temática é relevante por trazer para essa discussão o papel pedagógico das BU’s, evidenciando o profissional bibliotecário como um educador e por trazer como reflexão possibilidades de desenvolver práticas e ações colaborativas com professores demonstrando as mais variadas possibilidades inerentes ao universo das bibliotecas universitárias e por estar alinhada à área temática da Ciência da Informação. A metodologia aplicada deu-se a um tipo de pesquisa bibliográfica, realizada em livros, trabalhos e artigos de autores e teóricos que dialogam sobre a importância da biblioteca universitária como espaço de aprendizagem e da competência em informação e a colaboração educativa entre bibliotecário e professor, contextualizando diretamente com os objetivos da pesquisa. Juntamente com a pesquisa bibliográfica, também foi realizada uma análise sistemática da literatura, utilizando a metodologia Knowledge Development Process– Constructivist (Proknow-C).Como instrumentos de pesquisa foram utilizados questionários semiestruturados cujo objetivo era investigar como são planejadas e realizadas ações orientadas à competência em informação e o Teacher/Librarian Collaboration Model (TLC) como base para a construção de algumas perguntas do questionário, para verificação da existência de trabalho colaborativo entre professores e bibliotecários das IES. Esta pesquisa atingiu seus objetivos, pois possibilitou verificar, partindo da problematização levantada para o estudo, que as ações orientadas à prática colaborativa entre professor e bibliotecário são realizadas, mesmo que de forma tímida sem a existência de um programa continuado de competência em informação, as ações e práticas acontecem por alguns gestores de forma planejada em planejamento estratégico com direção acadêmica que se estende às coordenações de cursos e professores, em outros momentos por solicitações avulsas a um planejamento de aula por parte do professor e por rotina tradicional por parte do bibliotecário.","The general objective of the research is to understand the process of planning and
carrying out collaborative actions between librarians and teachers, oriented to
information competence, in person and digital, of HEI libraries (public and private)
located in Greater Vitória (ES). The theme is relevant for bringing to this discussion the
pedagogical role of BU's, highlighting the professional librarian as an educator and for
bringing as a reflection possibilities to develop collaborative practices and actions with
professors demonstrating the most varied possibilities inherent to the universe of
university libraries and for being aligned with the thematic area of Information Science.
The methodology applied was based on a type of bibliographic research, carried out
in books, works and articles by authors and theorists who discuss the importance of
the university library as a space for learning and competence in information and
educational collaboration between librarian and teacher, contextualizing directly with
the research objectives. Along with the bibliographic research, a systematic analysis
of the literature was also carried out, using the Knowledge Development Process–
Constructivist (Proknow-C) methodology. in information and the Teacher/Librarian
Collaboration Model (TLC) as a basis for the construction of some questions in the
questionnaire, to verify the existence of collaborative work between teachers and
librarians of HEIs. This research achieved its objectives, as it made it possible to verify,
based on the problematization raised for the study, that actions oriented to
collaborative practice between teacher and librarian are carried out, even if in a timid
way without the existence of a continuous program of competence in information, the
Actions and practices happen by some managers in a planned way in strategic
planning with academic direction that extends to the coordination of courses and
teachers, at other times by separate requests for lesson planning by the teacher and
by traditional routine by the librarian. 
",MBI0002,PES0019,Marta Leandro da Mata,,,,,MBE0002,PES0036,Elimar Ponzzo Dutra Leal ,,,PVC0002,Biblioteca universitária,Trabalho colaborativo,Biblioteca – espaço de aprendizagem,Bibliotecário educador,Proknow-C,,,University library,Collaborative work,Library – learning space,Educator librarian,Proknow-C,,,PDF/A-1b,184,Português,sim,information science,http://www.wikidata.org/entity/Q16387,Q16387,http://dbpedia.org/resource/Ci%C3%AAncia_da_informa%C3%A7%C3%A3o,master's degree,http://www.wikidata.org/entity/Q183816,Q183816,http://dbpedia.org/resource/Master's_degree,Portuguese,International Portuguese Language Institute,Portugal,pt
,,,,,,,,,,,,,,,,,,,,,,,,,,,,,,,,,,,,,,,,,,,,,,,,,,,,,,,,,,,,Community of Portuguese Language Countries,Brazil,
,,,,,,,,,,,,,,,,,,,,,,,,,,,,,,,,,,,,,,,,,,,,,,,,,,,,,,,,,,,,Brazilian Academy of Letters,Spain,
,,,,,,,,,,,,,,,,,,,,,,,,,,,,,,,,,,,,,,,,,,,,,,,,,,,,,,,,,,,,Sciences Academy of Lisbon,Angola,
,,,,,,,,,,,,,,,,,,,,,,,,,,,,,,,,,,,,,,,,,,,,,,,,,,,,,,,,,,,,,Cape Verde,
,,,,,,,,,,,,,,,,,,,,,,,,,,,,,,,,,,,,,,,,,,,,,,,,,,,,,,,,,,,,,Taiwan,
,,,,,,,,,,,,,,,,,,,,,,,,,,,,,,,,,,,,,,,,,,,,,,,,,,,,,,,,,,,,,East Timor,
,,,,,,,,,,,,,,,,,,,,,,,,,,,,,,,,,,,,,,,,,,,,,,,,,,,,,,,,,,,,,Guinea-Bissau,
,,,,,,,,,,,,,,,,,,,,,,,,,,,,,,,,,,,,,,,,,,,,,,,,,,,,,,,,,,,,,Mozambique,
,,,,,,,,,,,,,,,,,,,,,,,,,,,,,,,,,,,,,,,,,,,,,,,,,,,,,,,,,,,,,São Tomé and Príncipe,
DOC0003,INS0002,UFES - campus Goiabeiras,Ciência da Informação,Mestrado,PES0004,Dirceu Flavio Macedo,PES0003,Daniela Lucas da Silva Lemos,,,,,2019/1,DEF0003,2021-08-10T00:00:00Z,https://sappg.ufes.br/tese_drupal//tese_15610_Dissertacao%20Revisada%20Final%20-%20Dirceu%20Flavio%20Macedo%20%282%29.pdf,Dados abertos governamentais: modelo de governança voltado a qualidade de dados para publicação em rede,"A escalada na abertura de dados governamentais é um fenômeno originado de longos
debates sobre a modernização do Estado contando, na atualidade, com diversos
governos mundiais publicando um vasto conteúdo informacional em rede. Baseado
nessa constatação, a pesquisa é motivada em compreender os desafios impostos à
administração pública na publicação de dados de forma alinhada ao movimento aberto
sob a ótica dos portais de dados. O objetivo desta pesquisa foi propor um modelo de
governança voltado à qualidade de dados publicados em ambiente web, com foco na
disponibilização dos recursos informacionais do governo com abrangência,
consistência, eficácia e transparência. A metodologia foi o primeiro resultado da
pesquisa, sendo apresentado como um instrumento científico dividido em três etapas.
Na primeira etapa foi realizada uma pesquisa bibliográfica e documental evidenciando
os antecedentes históricos do movimento de abertura de dados, conjuntamente a um
panorama atual de iniciativas e estágios de evolução; o que levou a condução de um
pré-teste nos portais de dados abertos dos EUA, Reino Unido, Brasil, e Irlanda,
alcançando-se como resultado a definição dos desafios para abertura de dados
governamentais com qualidade. Posteriormente, estes desafios serviram como
insumo para a definição das dimensões analíticas fundamentais à proposição do
modelo de governança. Na segunda etapa foi exposto o diagnóstico de maturidade
para os portais de dados abertos, apresentando-se também a definição dos níveis de
maturidade que foram empregados na pesquisa. O diagnóstico foi validado nos
mesmos portais do pré-teste, com as notas finais sendo apresentadas e discutidas.
Os resultados da validação indicaram que as iniciativas de abertura carecem de
políticas de dados mais amplas e efetivas, faltando comprometimento político para
colocar em prática os planos de ação formalizados, com pouca transparência na
execução das ações e um insuficiente envolvimento social na sua formulação. Na
terceira fase, os resultados foram tratados, gerando-se as inferências necessárias
para a elaboração do modelo de governança voltado à qualidade de dados para
publicação em rede, estando este fundamentado a partir dos resultados obtidos nas
etapas anteriores. O modelo permitirá que os governos construam políticas de dados
abrangentes e consistentes, mitigando as barreiras de publicação, e de forma
consonante capacitando e encorajando os técnicos governamentais a publicarem
dados com mais qualidade, beneficiando o movimento aberto e a sociedade.","The escalation in the opening of government data is a phenomenon originated from
long debates about the modernization of the State, counting, nowadays, with several
world governments publishing a vast informational content on the net. Based on this
finding, the research is motivated to understand the challenges imposed on the public
administration in publishing data in line with the open movement from the perspective
of data portals. The objective of this research was to propose a governance model
aimed at the quality of data published in a web environment, with a focus on making
government informational resources available with scope, consistency, efficiency, and
transparency. The methodology was the first result of the research, being presented
as a scientific instrument divided into three stages. In the first stage, a bibliographical
and documentary research was carried out, showing the historical background of the
data opening movement, together with a current panorama of initiatives and stages of
evolution, which led to the conduction of a pre-test in open data portals in the US, UK,
Brazil, and Ireland, achieving as a result the definition of challenges for the opening of
quality government data. Subsequently, these challenges served as input for defining
the fundamental analytical dimensions to the proposition of the governance model. In
the second stage, the maturity diagnosis for open data portals was exposed, also
presenting the definition of the maturity levels that were used in the research. The
diagnosis was validated on the same portals as the pre-test, with the final grades being
presented and discussed. The validation results indicated that openness initiatives lack
broader and more effective data policies, lack political commitment to put into practice
formalized action plans, with little transparency in the execution of actions and
insufficient social involvement in their formulation. In the third phase, the results were
treated, generating the necessary inferences for the elaboration of the governance
model aimed at data quality for network publication, which is based on the results
obtained in the previous steps. The model will allow governments to build
comprehensive and consistent data policies, mitigating publication barriers, and
accordingly empowering and encouraging government technicians to publish higher
quality data, benefiting the open movement and society.",MBI0003,PES0014,Lucileide Andrade de Lima do Nascimento,PES0037,Fabrício Martins Mendonça,PES0011,Henrique Monteiro Cristovão,MBE0003,PES0033,Dalton Lopes Martins,,,PVC0003,Dados Abertos Governamentais,Organização da Informação,Modelo de Governança,Qualidade de Dados,,,,Open Government Data,Information Organization,Governance Model,Data Quality,,,,PDF/A-1b,151,Português,sim,information science,http://www.wikidata.org/entity/Q16387,Q16387,http://dbpedia.org/resource/Ci%C3%AAncia_da_informa%C3%A7%C3%A3o,master's degree,http://www.wikidata.org/entity/Q183816,Q183816,http://dbpedia.org/resource/Master's_degree,Portuguese,International Portuguese Language Institute,Portugal,pt
,,,,,,,,,,,,,,,,,,,,,,,,,,,,,,,,,,,,,,,,,,,,,,,,,,,,,,,,,,,,Community of Portuguese Language Countries,Brazil,
,,,,,,,,,,,,,,,,,,,,,,,,,,,,,,,,,,,,,,,,,,,,,,,,,,,,,,,,,,,,Brazilian Academy of Letters,Spain,
,,,,,,,,,,,,,,,,,,,,,,,,,,,,,,,,,,,,,,,,,,,,,,,,,,,,,,,,,,,,Sciences Academy of Lisbon,Angola,
,,,,,,,,,,,,,,,,,,,,,,,,,,,,,,,,,,,,,,,,,,,,,,,,,,,,,,,,,,,,,Cape Verde,
,,,,,,,,,,,,,,,,,,,,,,,,,,,,,,,,,,,,,,,,,,,,,,,,,,,,,,,,,,,,,Taiwan,
,,,,,,,,,,,,,,,,,,,,,,,,,,,,,,,,,,,,,,,,,,,,,,,,,,,,,,,,,,,,,East Timor,
,,,,,,,,,,,,,,,,,,,,,,,,,,,,,,,,,,,,,,,,,,,,,,,,,,,,,,,,,,,,,Guinea-Bissau,
,,,,,,,,,,,,,,,,,,,,,,,,,,,,,,,,,,,,,,,,,,,,,,,,,,,,,,,,,,,,,Mozambique,
,,,,,,,,,,,,,,,,,,,,,,,,,,,,,,,,,,,,,,,,,,,,,,,,,,,,,,,,,,,,,São Tomé and Príncipe,
DOC0004,INS0002,UFES - campus Goiabeiras,Ciência da Informação,Mestrado,PES0005,Edma Jantorno,PES0014,Lucileide Andrade de Lima do Nascimento,,,,,2020/1,DEF0004,2022-12-12T00:00:00Z,https://sappg.ufes.br/tese_drupal//tese_16916_vers%E3o%20final.pdf,Regime de informação em contexto organizacional: a representatividade dos artefatos à luz da sociomaterialidade,"Delimita o foco nos fenômenos de natureza informativa que permeiam os contextos
organizacionais das universidades federais brasileiras, voltados à necessidade, busca,
compartilhamento e uso da informação. Analisa o ambiente de informação da
Secretaria Unificada de Pós-Graduação (SUPG/CCJE/UFES) categorizando-o com
base nos elementos que compõem um regime de informação (atores, ações,
dispositivos e artefatos), modelo teórico-analítico desenvolvido nas duas últimas
décadas pela pesquisadora Maria Nélida González de Gómez. Dialoga com a
perspectiva do organizar, pois assume uma visão processual das organizações,
compreendendo-as como processos ou práticas em constantes fluxos e
transformações. Em pesquisa exploratório-descritiva, de abordagem qualitativa da
Ciência da Informação e em interdisciplinaridade com a Administração, apresenta
aporte teórico-metodológico sobre a sociomaterialidade, caracterizada por evidenciar
as dimensões materiais (objetos) das atividades e interações sociais cuja base
metodológica fundamenta-se no princípio de simetria da Teoria Ator-Rede (TAR).
Emprega, em termos de procedimentos, pesquisa documental, pesquisa bibliográfica
e estudo de caso, utilizando grupo focal como estratégia de coleta de dados para o
caso estudado. Os resultados apontaram que no regime de informação dominante da
SUPG o social e o técnico estão ontologicamente inseparáveis. Além disso,
reconhecemos os artefatos como elementos com capacidade de ação suficiente para
evidenciar a materialidade nas organizações e no ambiente da secretaria unificada.","It delimits the focus on phenomena of an informative nature that permeate the
organizational contexts of Brazilian federal universities, focused on the need, search,
sharing and use of information. It analyzes the information environment of the Unified
Postgraduate Department (SUPG/CCJE/UFES) categorizing it based on the elements
that make up a regimen of information (actors, actions, devices and artifacts), a
theoretical-analytical model developed in the last two decades by researcher Maria
Nélida González de Gómez. It dialogues with the perspective of organizing, as it
assumes a procedural view of organizations, understanding them as processes or
practices in constant flux and transformation. In exploratory-descriptive research, with
a qualitative approach to Information Science and interdisciplinary with Administration,
it presents theoretical-methodological contributions on sociomateriality, characterized
by highlighting the material dimensions of social activities and interactions, whose
methodological basis is based on the principle of symmetry Actor-Network Theory
(ANT). It employs, in terms of procedures, documental, bibliographic and case study
research, using a focus group as a data collection strategy for the case studied. The
result demonstrates that in the dominant regimen of information of SUPG, the social
and the technical are ontologically inseparable, defining material forms and spaces.",MBI0004,PES0016,Maira Cristina Grigoleto,,,,,MBE0004,PES0042,Rodrigo Moreno Marques,,,PVC0004,regimes de informação,sociomaterialidade,artefatos,,,,,regimen of information,sociomateriality,artifacts,,,,,PDF/A-1b,119,Português,sim,information science,http://www.wikidata.org/entity/Q16387,Q16387,http://dbpedia.org/resource/Ci%C3%AAncia_da_informa%C3%A7%C3%A3o,master's degree,http://www.wikidata.org/entity/Q183816,Q183816,http://dbpedia.org/resource/Master's_degree,Portuguese,International Portuguese Language Institute,Portugal,pt
,,,,,,,,,,,,,,,,,,,,,,,,,,,,,,,,,,,,,,,,,,,,,,,,,,,,,,,,,,,,Community of Portuguese Language Countries,Brazil,
,,,,,,,,,,,,,,,,,,,,,,,,,,,,,,,,,,,,,,,,,,,,,,,,,,,,,,,,,,,,Brazilian Academy of Letters,Spain,
,,,,,,,,,,,,,,,,,,,,,,,,,,,,,,,,,,,,,,,,,,,,,,,,,,,,,,,,,,,,Sciences Academy of Lisbon,Angola,
,,,,,,,,,,,,,,,,,,,,,,,,,,,,,,,,,,,,,,,,,,,,,,,,,,,,,,,,,,,,,Cape Verde,
,,,,,,,,,,,,,,,,,,,,,,,,,,,,,,,,,,,,,,,,,,,,,,,,,,,,,,,,,,,,,Taiwan,
,,,,,,,,,,,,,,,,,,,,,,,,,,,,,,,,,,,,,,,,,,,,,,,,,,,,,,,,,,,,,East Timor,
,,,,,,,,,,,,,,,,,,,,,,,,,,,,,,,,,,,,,,,,,,,,,,,,,,,,,,,,,,,,,Guinea-Bissau,
,,,,,,,,,,,,,,,,,,,,,,,,,,,,,,,,,,,,,,,,,,,,,,,,,,,,,,,,,,,,,Mozambique,
,,,,,,,,,,,,,,,,,,,,,,,,,,,,,,,,,,,,,,,,,,,,,,,,,,,,,,,,,,,,,São Tomé and Príncipe,
DOC0005,INS0002,UFES - campus Goiabeiras,Ciência da Informação,Mestrado,PES0006,Eliana Terra Barbosa,PES0010,Gleice Pereira,,,,,2019/1,DEF0005,2021-06-29T00:00:00Z,https://sappg.ufes.br/tese_drupal//tese_15309_Disserta%E7%E3o%20Eliana%20Terra%20Barbosa20220615-85050.pdf,Redes de biblioteca escolar no espírito santo: estudo de caso da rede de vila velha,"Este estudo busca compreender as mudanças que vêm ocorrendo nas bibliotecas escolares, mas especificamente as formas de atuação conjunta articuladas em redes, trazendo consigo características modernas e inovadoras para o ambiente educacional. No contexto brasileiro, a temática rede de biblioteca escolar é pouco explorada. Porém, nota-se que, no âmbito da Ciência da Informação e na história da Biblioteconomia, nos últimos dez anos, de forma gradativa, o tema tem ganhado mais adeptos entre os pesquisadores da área, aguçando a busca por uma compreensão mais sólida de como se dá essa nova forma de atuação das bibliotecas nas esferas dos sistemas de educação. Dentro dessa perspectiva, o objetivo principal foi analisar a formação e configuração das redes de biblioteca escolar no Estado do Espírito Santo em suas dimensões organizacional e pedagógica, assim como compreender de que forma essas redes podem indicar o fortalecimento e a qualificação das bibliotecas como ambientes significativos de aprendizagem. A metodologia de pesquisa adotada foi de cunho exploratório e documental. A análise dos resultados com abordagem qualitativa e o estudo de caso da rede de biblioteca escolar municipal de Vila Velha/ES foram estabelecidos a partir do mapeamento das bibliotecas no Estado. Os eixos norteadores e pilares para o delineamento e as configurações identitárias de uma rede biblioteca nas dimensões organizacional e pedagógica, foram evidenciados com base no referencial teórico (OLIVER, 1990; NOHRIA, 1992; KLIJN; KOPPENJAN; TERMEER, 1995; MIGUELETTO, 2001, CASTELLS, 2006; CARVALHO, 2017) e nos documentos na área da Biblioteconomia e Educação. Na discussão dos resultados da pesquisa, foi possível verificar que um dos principais sucessos da constituição da rede é a articulação, pois estabelece ações comunicativas e dialógicas, voltadas à cooperação entre as equipes, e apresenta ações referentes à efetividade dos produtos e serviços de qualidade à comunidade escolar. A partir disso, a rede promove o empreendedorismo interno e externo para as bibliotecas, bibliotecários e comunidade em geral. Com base nos resultados, conclui que, quando há o estabelecimento de uma coordenação central na sede da Secretaria de Educação, percebe-se a representação significativa nas atividades educacionais, fortalecendo ações que reverberam em todas as bibliotecas, dando visibilidade e reconhecimento ao profissional, além de potencializar reivindicações de melhoria nas estruturas físicas das bibliotecas e de renovação do acervo. O estudo constata que a rede de Vila Velha, ano após ano, vem se consolidando com a constituição de documentação legal e cumprimento das legislações na área da Biblioteconomia e da Educação. Palavras-chave: Rede de biblioteca escolar de Vila Velha/ES. Coordenação de redes de bibliotecas. Redes de cooperação e colaboração bibliotecária. Rede organizacional e pedagógica. Gestão em biblioteca escolar.","This study seeks to understand the changes that have been taking place in school libraries, but specifically the forms of joint action articulated in networks, bringing with them modern and innovative characteristics in the educational environment. In the Brazilian context, the theme of the school library network is little explored. However, it is noted that, in the field of Information Science and in the history of Library Science, in the last ten years, the theme has gradually gained more followers among researchers in the area, sharpening the search for a more solid understanding of how this new form of action of libraries takes place in the spheres of education systems. Within this perspective, the main objective was to analyze the formation and configuration of school library networks in the State of Espírito Santo in their organizational and pedagogical dimensions, as well as to understand how these networks can indicate the strengthening and qualification of libraries as significant learning environments. The research methodology adopted was exploratory and documentary. The analysis of the results with a qualitative approach and the case study of the municipal school library network in Vila Velha/ES were established from the mapping of libraries in the state. The guiding axes and pillars for the delineation and identity configurations of a library network in the organizational and pedagogical dimensions were evidenced based on the theoretical framework (OLIVER, 1990; NOHRIA, 1992; KLIJN, KOPPENJAN, TERMEER, 1995; MIGUELETTO, 2001, CASTELLS, 2006; CARVALHO, 2017) and in documents concerning Library Science and Education. In the discussion of the research results, it was possible to verify that one of the main successes of the constitution of the network is the articulation, as it establishes communicative and dialogic actions, aimed at cooperation between the teams, and presents actions related to the effectiveness of quality products and services to the school community. From this, the network promotes internal and external entrepreneurship for libraries, librarians and the community in general. Based on the results, it concludes that when there is the establishment of a central coordination at the headquarters of the Department of Education, there is a significant representation in educational activities, strengthening actions that reverberate in all libraries, giving visibility and recognition to the professional, in addition to leverage claims for improvement in the physical structures of libraries and renewal of the collection. The study finds that the Vila Velha network, year after year, has been consolidating with the constitution of legal documentation and compliance with legislation in the area of Library Science and Education. Keywords: School library network in Vila Velha/ES. Coordination of library networks. Library cooperation and collaboration networks. Organizational and pedagogical network. Management in school library.",MBI0005,PES0019,Marta Leandro da Mata,,,,,MBE0005,PES0043,Sueli Bortolin,,,PVC0005,Rede de biblioteca escolar de Vila Velha/ES,Coordenação de redes de bibliotecas,Redes de cooperação e colaboração bibliotecária,Rede organizacional e pedagógica,Gestão em biblioteca escolar,,,School library network in Vila Velha/ES,Coordination of library networks,Library cooperation and collaboration networks,Organizational and pedagogical network,Management in school library,,,PDF/A-1b,156,Português,sim,information science,http://www.wikidata.org/entity/Q16387,Q16387,http://dbpedia.org/resource/Ci%C3%AAncia_da_informa%C3%A7%C3%A3o,master's degree,http://www.wikidata.org/entity/Q183816,Q183816,http://dbpedia.org/resource/Master's_degree,Portuguese,International Portuguese Language Institute,Portugal,pt
,,,,,,,,,,,,,,,,,,,,,,,,,,,,,,,,,,,,,,,,,,,,,,,,,,,,,,,,,,,,Community of Portuguese Language Countries,Brazil,
,,,,,,,,,,,,,,,,,,,,,,,,,,,,,,,,,,,,,,,,,,,,,,,,,,,,,,,,,,,,Brazilian Academy of Letters,Spain,
,,,,,,,,,,,,,,,,,,,,,,,,,,,,,,,,,,,,,,,,,,,,,,,,,,,,,,,,,,,,Sciences Academy of Lisbon,Angola,
,,,,,,,,,,,,,,,,,,,,,,,,,,,,,,,,,,,,,,,,,,,,,,,,,,,,,,,,,,,,,Cape Verde,
,,,,,,,,,,,,,,,,,,,,,,,,,,,,,,,,,,,,,,,,,,,,,,,,,,,,,,,,,,,,,Taiwan,
,,,,,,,,,,,,,,,,,,,,,,,,,,,,,,,,,,,,,,,,,,,,,,,,,,,,,,,,,,,,,East Timor,
,,,,,,,,,,,,,,,,,,,,,,,,,,,,,,,,,,,,,,,,,,,,,,,,,,,,,,,,,,,,,Guinea-Bissau,
,,,,,,,,,,,,,,,,,,,,,,,,,,,,,,,,,,,,,,,,,,,,,,,,,,,,,,,,,,,,,Mozambique,
,,,,,,,,,,,,,,,,,,,,,,,,,,,,,,,,,,,,,,,,,,,,,,,,,,,,,,,,,,,,,São Tomé and Príncipe,
DOC0006,INS0002,UFES - campus Goiabeiras,Ciência da Informação,Mestrado,PES0007,Fabiola Pereira Costa,PES0028,Taiguara Villela Aldabalde,PES0020,Meri Nadia Marques Gerlin,,,2019/1,DEF0006,2021-07-10T00:00:00Z,https://sappg.ufes.br/tese_drupal//tese_15612_Fab%EDola%20Costa%20-%20Disserta%E7%E3o%20final%20-%20Mar.2022%20%282%29.pdf,Diretrizes à mediação cultural com documentos arquivísticos: um estudo sobre práticas com o acervo do Arquivo Público De Vitória (ES) a partir da Base Nacional Comum Curricular,"O estudo tem como objetivo geral investigar de que forma as práticas de mediação cultural a partir do acervo Arquivo Público Municipal de Vitória podem colaborar nos processos de ensino e aprendizagem de alunos do Ensino Fundamental segundo as orientações da Base Nacional Comum Curricular - BNCC e como essa dinâmica com a escola pode estreitar os laços do Arquivo com a comunidade. Como objetivos específicos, a pesquisa discute o conceito de mediação cultural em ambientes arquivísticos no contexto da Ciência da Informação; descreve a instituição Arquivo Público Municipal de Vitória e levantar as suas práticas de mediação cultural; apresenta o mapeamento e a categorização dos usuários do Arquivo Público Municipal de Vitória; contextualiza a Base Nacional Comum Curricular, sua trajetória e concepções, destacando as competências no processo ensino e aprendizagem que envolvem os arquivos; compara as práticas de mediação cultural desenvolvidas no ambiente arquivístico em relação às atividades propostas na BNCC para indicar as convergências bem como e as necessidades de adaptação àquelas diretrizes; e apresenta a elaboração de práticas de mediação cultural associadas às orientações normativas da Base Nacional Comum Curricular e ao uso do acervo do Arquivo Público Municipal de Vitória (ES). Com base nos objetivos delimitados para o desenvolvimento da pesquisa, o estudo no qual possui aspectos de uma pesquisa exploratória e descritiva, caracterizando-se como uma pesquisa-ação com o emprego da pesquisa bibliográfica e documental utilizando como instrumento de coleta de dados a aplicação de questionários. Como resultado, observou-se que tanto a literatura consultada, quanto os dados obtidos junto aos participantes, corroboram para a importância da oferta dos serviços educativos por parte das instituições arquivísticas, indicando ainda a necessidade de que as ações dessa natureza sejam planejadas e articuladas aos currículos escolares, de modo que além de serem executadas, possam fazer parte do cotidiano arquivístico da instituição em questão","The general objective of this study is to investigate how the cultural mediation practices from the collection Arquivo Público Municipal de Vitória can collaborate in the teaching and learning processes of elementary school students according to the Base Nacional Comum Curricular - BNCC guidelines and how this dynamic with the school can strengthen the ties of the Archive with the community. As specific objectives, the research discusses the concept of cultural mediation in archival environments in the context of Information Science; describes the institution Arquivo Público Municipal de Vitória and raise its practices of cultural mediation; presents the mapping and categorization of users of the Arquivo Público Municipal de Vitória; contextualizes the Base Nacional Comum Curricular, its trajectory and conceptions, highlighting the competencies in the teaching and learning process involving archives; compares the practices of cultural mediation developed in the archival environment in relation to the activities proposed in the BNCC to indicate the convergences as well as and the needs of adaptation to those guidelines; and presents the development of practices of cultural mediation associated with the normative guidelines of the Base Nacional Comum Curricular and the use of the collection of the Arquivo Público Municipal de Vitória (ES). Based on the objectives set for the development of the research, the study has aspects of an exploratory and descriptive research, characterized as a research-action with the use of bibliographic and documentary research using as instrument of data collection the application of questionnaires. As a result, it was observed that both the consulted literature and the data obtained from the participants corroborate the importance of the provision of educational services by the archival institutions, also indicating the need for such actions to be planned and articulated to the school curricula, so that in addition to being implemented, they can be part of the daily life of the institution in question.",MBI0006,PES0025,Rosa da Penha Ferreira da Costa,,,,,MBE0006,PES0040,Neusa Balbina de Souza,,,PVC0006,Arquivística,Arquivo Municipal,Ensino Fundamental,Mediação cultural,Mediação da informação,Arquivo Público,,Archivistics,Municipal Archive,Elementary School,Cultural Mediation,Information Mediation,Public Archive,,PDF/A-1b,141,Português,sim,information science,http://www.wikidata.org/entity/Q16387,Q16387,http://dbpedia.org/resource/Ci%C3%AAncia_da_informa%C3%A7%C3%A3o,master's degree,http://www.wikidata.org/entity/Q183816,Q183816,http://dbpedia.org/resource/Master's_degree,Portuguese,International Portuguese Language Institute,Portugal,pt
,,,,,,,,,,,,,,,,,,,,,,,,,,,,,,,,,,,,,,,,,,,,,,,,,,,,,,,,,,,,Community of Portuguese Language Countries,Brazil,
,,,,,,,,,,,,,,,,,,,,,,,,,,,,,,,,,,,,,,,,,,,,,,,,,,,,,,,,,,,,Brazilian Academy of Letters,Spain,
,,,,,,,,,,,,,,,,,,,,,,,,,,,,,,,,,,,,,,,,,,,,,,,,,,,,,,,,,,,,Sciences Academy of Lisbon,Angola,
,,,,,,,,,,,,,,,,,,,,,,,,,,,,,,,,,,,,,,,,,,,,,,,,,,,,,,,,,,,,,Cape Verde,
,,,,,,,,,,,,,,,,,,,,,,,,,,,,,,,,,,,,,,,,,,,,,,,,,,,,,,,,,,,,,Taiwan,
,,,,,,,,,,,,,,,,,,,,,,,,,,,,,,,,,,,,,,,,,,,,,,,,,,,,,,,,,,,,,East Timor,
,,,,,,,,,,,,,,,,,,,,,,,,,,,,,,,,,,,,,,,,,,,,,,,,,,,,,,,,,,,,,Guinea-Bissau,
,,,,,,,,,,,,,,,,,,,,,,,,,,,,,,,,,,,,,,,,,,,,,,,,,,,,,,,,,,,,,Mozambique,
,,,,,,,,,,,,,,,,,,,,,,,,,,,,,,,,,,,,,,,,,,,,,,,,,,,,,,,,,,,,,São Tomé and Príncipe,
DOC0007,INS0002,UFES - campus Goiabeiras,Ciência da Informação,Mestrado,PES0008,Gabriel Meneguelli Soella,PES0023,Pedro Ernesto Fagundes,PES0016,Maira Cristina Grigoleto,,,2019/1,DEF0007,2021-03-31T00:00:00Z,https://sappg.ufes.br/tese_drupal//tese_15091_SOELLA%2C%20G.%20M.%20Documento%2C%20%28des%29informa%E7%E3o%20e%20poder.%20Mem%F3ria%20da%20ditadura%20militar%20brasileira%20pela%20obra%201964%20o%20Brasil%20entre%20armas%20e%20livros.%202021%20%282%29.pdf,"Documento, (des)informacao e poder: memoria da ditadura militar brasileira pela obra \""1964 0 brasil entre armas e livros","Realiza ampliação conceitual sobre a noção de documento, práticas documentárias e regimes de informação para análise das relações de saber e poder e de memória e esquecimento sobre a ditadura militar brasileira (1964-1985) presentes no documento audiovisual “1964: o Brasil entre armas e livros” da produtora Brasil Paralelo, veiculado no YouTube e sua relação com o autoritarismo político na pós-verdade. Em pesquisa exploratório-descritiva de abordagem qualitativa da Ciência da Informação, em interdisciplinaridade com a História e a Sociologia, apresenta aportes teóricometodológicos sobre discursos de verdade, documento, memória, desinformação, negacionismo e pós-verdade operacionalizada por pesquisa bibliográfica, documental e análise genealógica e crítica de base pós-estruturalista foucaultiana do discurso. Identifica práticas da rede de desinformação e negacionismos na pós-verdade, demonstrando uma dupla relação da pós-verdade com a “verdade” iluminista, ao passo que é herdeira de ideais autoritários do processo civilizatório colonialista europeu e recusa suas bases racionais em favor de crenças de um passado conservador idealizado. Apresenta aspectos de negacionismos baseados no racismo estrutural, no antissemitismo nazista e no anticomunismo militar evidenciados no negacionismo anti-histórico sobre a ditadura militar brasileira (1964-1985) no ciberespaço, presentes no regime de (des)informação do/no documento audiovisual analisado. Os resultados demonstram a materialidade da (des)informação em favor do autoritarismo, fortalecido no fenômeno da pós-verdade, com memórias negacionistas e práticas de desinformação provenientes de narrativas de militares e civis de extrema-direita circunscritas em documentos criados para disputar as narrativas de memória sobre a ditadura militar brasileira (1964-1985). Reflete sobre a relação entre narrativas ultraliberais e a propagação de memórias autoritárias e contrafactuais de extrema-direita. Evidencia práticas de desinformação utilizadas pela extrema-direita no filme da Brasil Paralelo para afirmação de enunciados negacionistas, de silenciamento dos saberes e de ataque aos debates acadêmicocientíficos. Contribui interdisciplinarmente ao enfrentamento do negacionismo autoritário e das práticas de desinformação enunciadas por meio de documentos audiovisuais em plataformas digitais no ciberespaço, fomentando novos estudos.","It performs a conceptual ampliation about the notion of document, documentary practices, and regimen of information to analyze from relationship of know and power and of memory and forgetfulness the brazilian military dictatorship (1964-1985) presented on audiovisual document “1964: o Brasil entre armas e livros” from Brasil Paralelo producer, available on YouTube and your relationship with the political authoritarianism on post-truth. In the descriptive and exploratory research of qualitative approach from Information Science, in interdisciplinarity with the History and Sociology, presents theoretical-methodological basis about truth discourses, document, memory, disinformation, negationism, and post-truth, mediated by bibliographic research, documentary research, and critical-genealogical analyses of post-structuralist foucaultean basis of the discourse. It Identify practices from disinformation and negationisms network, on post-truth, demonstrating a double relationship of the post-truth with the illuminist “truth”, whereas it is heiress of the authoritarianist ideas from European colonialist civilizing process and recuse your rational basis in favor of idealized conservative past belief. Presents aspects from negationisms based on structural racism, Nazis anti-Semitism, and in the military anticommunism evidenced in the anti-historical negationism about brazilian military dictatorship (1964-1985) in the cyber space, present in the regimen of (dis)information of the/ in the audiovisual document analyzed. The results demonstrate the (dis)information materiality in authoritarianism favor, strengthened in the post-truth phenomenal, with negationists memories and disinformation practices from military and far-right civil narratives circumscribed in documents created to dispute memory narratives about brazilian military dictatorship (1964-1985). It reflects about relationship between ultraliberal narratives and propagation of memories authoritarianists and counterfactual from far-right. This work highlights disinformation practices used by far-right on Brasil Paralelo movie for affirmation of negationists statements, of knowledge silencing, and of attack against the scientific-academic debates. Thus, it offers interdisciplinary contributes for coping of the authoritarianist negationism and of the disinformation practices enunciated by audiovisual documents in digital platforms on cyber space, fostering new studies.",MBI0007,PES0003,Daniela Lucas da Silva Lemos,PES0014,Lucileide Andrade de Lima do Nascimento,,,MBE0007,PES0035,David Baião Nemer,,,PVC007,documento,memória,negacionismo,desinformação,ditadura militar brasileira,pós-verdade,Brasil Paralelo,document,memory,negationism,disinformation,brazilian military dictatorship,post-truth,Brasil Paralelo,PDF/A-1b,147,Português,sim,information science,http://www.wikidata.org/entity/Q16387,Q16387,http://dbpedia.org/resource/Ci%C3%AAncia_da_informa%C3%A7%C3%A3o,master's degree,http://www.wikidata.org/entity/Q183816,Q183816,http://dbpedia.org/resource/Master's_degree,Portuguese,International Portuguese Language Institute,Portugal,pt
,,,,,,,,,,,,,,,,,,,,,,,,,,,,,,,,,,,,,,,,,,,,,,,,,,,,,,,,,,,,Community of Portuguese Language Countries,Brazil,
,,,,,,,,,,,,,,,,,,,,,,,,,,,,,,,,,,,,,,,,,,,,,,,,,,,,,,,,,,,,Brazilian Academy of Letters,Spain,
,,,,,,,,,,,,,,,,,,,,,,,,,,,,,,,,,,,,,,,,,,,,,,,,,,,,,,,,,,,,Sciences Academy of Lisbon,Angola,
,,,,,,,,,,,,,,,,,,,,,,,,,,,,,,,,,,,,,,,,,,,,,,,,,,,,,,,,,,,,,Cape Verde,
,,,,,,,,,,,,,,,,,,,,,,,,,,,,,,,,,,,,,,,,,,,,,,,,,,,,,,,,,,,,,Taiwan,
,,,,,,,,,,,,,,,,,,,,,,,,,,,,,,,,,,,,,,,,,,,,,,,,,,,,,,,,,,,,,East Timor,
,,,,,,,,,,,,,,,,,,,,,,,,,,,,,,,,,,,,,,,,,,,,,,,,,,,,,,,,,,,,,Guinea-Bissau,
,,,,,,,,,,,,,,,,,,,,,,,,,,,,,,,,,,,,,,,,,,,,,,,,,,,,,,,,,,,,,Mozambique,
,,,,,,,,,,,,,,,,,,,,,,,,,,,,,,,,,,,,,,,,,,,,,,,,,,,,,,,,,,,,,São Tomé and Príncipe,
DOC0008,INS0002,UFES - campus Goiabeiras,Ciência da Informação,Mestrado,PES0009,Gerson Moreira Ramos Junior,PES0020,Meri Nadia Marques Gerlin,,,,,2019/1,DEF0008,2021-12-08T00:00:00Z,https://sappg.ufes.br/tese_drupal//tese_15614_Disserta%E7%E3o_Gerson%20Moreira%20Ramos%20Junior%20_%20Vers%E3o%20final%20%282%29.pdf,A invisibilidade das bibliotecas públicas municipais do estado do espírito santo: um projeto neoliberal como barreira para uma biblioteca pública municipal orientada pelo agir comunicativo,"A pesquisa versa sobre o cenário de invisibilidade das bibliotecas públicas municipais no contexto da sociedade capitalista contemporânea. Analisa o impacto da narrativa neoliberal e das tecnologias da informação e comunicação nas políticas públicas para bibliotecas no âmbito das prefeituras municipais do Estado do Espírito Santo. Verifica como a narratividade neoliberal incide sobre o Estado e opera para o esvaziamento das bibliotecas públicas municipais enquanto espaços de promoção de uma sociedade de direitos. Empreende-se uma pesquisa documental de caráter analítica-crítica pela qual busca-se analisar, dados relativos ao orçamento público e por estes instrumentos, busca-se aferir o orçamento destinado à promoção da cultura dos municípios selecionados e, se estão sendo empregados os recursos para garantir o adequado funcionamento das bibliotecas públicas municipais. Objetiva-se desvelar como se constitui a produção de invisibilidade das BPMs no Estado do Espírito Santo, no contexto da sociedade capitalista neoliberal contemporânea, pela via da precarização desse serviço público. Ao propor demonstrar a insuficiência de recursos destinados às bibliotecas públicas municipais, pretendemos não apenas evidenciar que há um projeto de precarização que inviabiliza essa instituição, mas também defender que as bibliotecas públicas municipais são instituições mediadoras da informação com capacidade de estabelecerem diálogos e interações transversais e multidisciplinares com a sociedade para a promoção de uma via informativa que propicie uma relação ética de função emancipatória crítica e por meio da mediação da informação realizada pelo profissional bibliotecário, orientada pelo agir comunicativo, numa proposta de bibliotecas públicas municipais como esferas públicas na perspectiva habermasiana.","The research that follows deals with the invisibility scenario of municipal public libraries in the context of contemporary capitalist society. The impact of neoliberal narrative and information and communication technologies on public policies for libraries in the scope of municipal governments in the State of Espírito Santo is analyzed. In this way, it is intended to verify how the neoliberal narrative focuses on the State and operates towards the emptying of municipal public libraries as spaces for promoting a society of rights. An analytical-critical documentary research is undertaken through which it seeks to analyze data relating to the public budget and through these instruments, it seeks to assess the budget for the promotion of culture in the selected municipalities and, if the resources are being used. to ensure the proper functioning of municipal public libraries. The objective is to unveil how the production of invisibility of BPMs in the State of Espírito Santo is constituted, in the context of contemporary neoliberal capitalist society, through the precariousness of this public service. By proposing to demonstrate the insufficiency of resources allocated to municipal public libraries, we intend not only to show that there is a precariousness project that makes this institution unfeasible, but also to defend that municipal public libraries are information mediating institutions with the capacity to establish cross-cutting dialogues and interactions. multidisciplinary with society to promote an informational path that provides an ethical relationship with a critical emancipatory function and through the mediation of information carried out by the librarian, guided by the communicative action, in a proposal of municipal public libraries as public spheres in the Habermasian perspective.",MBI0008,PES0019,Marta Leandro da Mata,,,,,MBE0008,PES0032,Clóvis Ricardo Montenegro de Lima,PES0041,Oswaldo Francisco de Almeida Júnior,PVC0008,biblioteca pública,invisibilidade,neoliberalismo,esfera pública,agir comunicativo,,,public Library,invisibility,neoliberalism,public sphere,act communicative,,,PDF/A-1b,128,Português,sim,information science,http://www.wikidata.org/entity/Q16387,Q16387,http://dbpedia.org/resource/Ci%C3%AAncia_da_informa%C3%A7%C3%A3o,master's degree,http://www.wikidata.org/entity/Q183816,Q183816,http://dbpedia.org/resource/Master's_degree,Portuguese,International Portuguese Language Institute,Portugal,pt
,,,,,,,,,,,,,,,,,,,,,,,,,,,,,,,,,,,,,,,,,,,,,,,,,,,,,,,,,,,,Community of Portuguese Language Countries,Brazil,
,,,,,,,,,,,,,,,,,,,,,,,,,,,,,,,,,,,,,,,,,,,,,,,,,,,,,,,,,,,,Brazilian Academy of Letters,Spain,
,,,,,,,,,,,,,,,,,,,,,,,,,,,,,,,,,,,,,,,,,,,,,,,,,,,,,,,,,,,,Sciences Academy of Lisbon,Angola,
,,,,,,,,,,,,,,,,,,,,,,,,,,,,,,,,,,,,,,,,,,,,,,,,,,,,,,,,,,,,,Cape Verde,
,,,,,,,,,,,,,,,,,,,,,,,,,,,,,,,,,,,,,,,,,,,,,,,,,,,,,,,,,,,,,Taiwan,
,,,,,,,,,,,,,,,,,,,,,,,,,,,,,,,,,,,,,,,,,,,,,,,,,,,,,,,,,,,,,East Timor,
,,,,,,,,,,,,,,,,,,,,,,,,,,,,,,,,,,,,,,,,,,,,,,,,,,,,,,,,,,,,,Guinea-Bissau,
,,,,,,,,,,,,,,,,,,,,,,,,,,,,,,,,,,,,,,,,,,,,,,,,,,,,,,,,,,,,,Mozambique,
,,,,,,,,,,,,,,,,,,,,,,,,,,,,,,,,,,,,,,,,,,,,,,,,,,,,,,,,,,,,,São Tomé and Príncipe,
DOC0009,INS0002,UFES - campus Goiabeiras,Ciência da Informação,Mestrado,PES0012,Jacqueline Machado Silva,PES0025,Rosa da Penha Ferreira da Costa,,,,,2020/1,DEF0009,2022-08-30T00:00:00Z,https://sappg.ufes.br/tese_drupal//tese_16678_Disserta%E7%E3o_Jacqueline_Vers%E3o%20final.pdf,A Preservação da Memória Institucional: o acervo fotográfico do IFES Campus Cachoeiro de Itapemirim,"A fotografia foi uma invenção revolucionária para a época de sua criação, um instrumento capaz de paralisar o tempo, impedir o esquecimento de fatos ocorridos dentro de um lapso temporal. Ela pode ser considerada um suporte à memória, uma vez que por meio dela nos remetemos a fatos que ocorreram em épocas longínquas. Ao longo do tempo, a técnica fotográfica foi passando por modificações até chegar às formas atuais, que são capazes de nos fornecer imagens instantâneas e em grande quantidade. Isso favoreceu seu uso tanto em nível pessoal como institucional e fotografamos tudo que queremos registrar dentro de nosso contexto diário. No âmbito institucional, a contextualização da imagem fotográfica como documento de arquivo ratifica seu valor como prova das atividades institucionais. Por isso muitas instituições adotam a fotografia como forma de demonstrar suas ações. O que, por um lado, foi uma evolução trouxe também alguns embaraços, pois é preciso lidar com essa grande quantidade de imagens produzidas diariamente. A gestão desses acervos fotográficos é de suma importância para as instituições. Foi por volta da década de setenta, que as instituições perceberam que para o seu desenvolvimento era necessário preservar a sua memória. Portanto, contextualizar, organizar, preservar, tornar acessível e difundir os acervos fotográficos institucionais é importante como meio de preservação da memória e da história das instituições. Este trabalho objetivou investigar o processo de produção, recebimento e constituição de acervos fotográficos do Instituto Federal do Espírito Santos (Ifes), campus Cachoeiro de Itapemirim, para fins de preservação da sua memória institucional, utilizando o estudo de casos que, por meio de um questionário enviado por e-mail aos setores, identificou aqueles em que se encontram os acervos fotográficos, diagnosticou os procedimentos de gestão adotados e também as condições de salvaguarda e preservação, bem como verificou como se efetivam as formas de acesso a esses acervos. A partir desse conhecimento, foi possível sugerir uma metodologia de gestão que contemple a produção, recebimento, organização, tratamento, preservação e acesso aos acervos e que seja capaz de contribuir para a preservação da memória do campus ao manter a autenticidade das informações.","Photography was a revolutionary invention at the time of its creation, an instrument capable of paralyzing time, preventing the forgetting of events that occurred within a time lapse. It can be considered a support for memory, since through it we refer to facts that occurred in distant times. Over time, the photographic technique underwent modifications until it reached the current forms, which are capable of providing us with instant images in large quantities. This favored its use both on a personal and institutional level and we photograph everything we want to record within our daily context. At the institutional level, the contextualization of the photographic image as an archival document ratifies its value as evidence of institutional activities. That's why many institutions adopt photography as a way to demonstrate their actions. What, on the one hand, was an evolution also brought some embarrassment, as it is necessary to deal with this large amount of images produced daily. The management of these photographic collections is of paramount importance for institutions. It was around the 1970s that institutions realized that for their development it was necessary to preserve their memory. Therefore, contextualizing, organizing, preserving, making accessible and disseminating institutional photographic collections is important as a means of preserving the memory and history of institutions. This study aimed to investigate the process of production, receipt and constitution of photographic collections of the Instituto Federal do Espírito Santos (Ifes), Cachoeiro de Itapemirim campus, for the purpose of preserving its institutional memory, using case studies that, through From a questionnaire sent by email to the sectors, it identified those where the photographic collections are located, diagnosed the management procedures adopted and also the conditions for safeguarding and preservation, as well as verifying how the forms of access to these collections are carried out. From this knowledge, it was possible to suggest a management methodology that includes the production, receipt, organization, treatment, preservation and access to the collections and that is able to contribute to the preservation of the campus memory by maintaining the authenticity of the information.",MBI0009,PES0015,Luiz Carlos da Silva,,,,,MBE0009,PES0031,Anna Carla Almeida Mariz,,,PVC0009,Fotografia,memória,memória institucional,Instituto Federal do Espírito Santo,,,,Photography,memory,institutional memory,Federal Institute of Espírito Santo,,,,PDF/A-1b,178,Português,sim,information science,http://www.wikidata.org/entity/Q16387,Q16387,http://dbpedia.org/resource/Ci%C3%AAncia_da_informa%C3%A7%C3%A3o,master's degree,http://www.wikidata.org/entity/Q183816,Q183816,http://dbpedia.org/resource/Master's_degree,Portuguese,International Portuguese Language Institute,Portugal,pt
,,,,,,,,,,,,,,,,,,,,,,,,,,,,,,,,,,,,,,,,,,,,,,,,,,,,,,,,,,,,Community of Portuguese Language Countries,Brazil,
,,,,,,,,,,,,,,,,,,,,,,,,,,,,,,,,,,,,,,,,,,,,,,,,,,,,,,,,,,,,Brazilian Academy of Letters,Spain,
,,,,,,,,,,,,,,,,,,,,,,,,,,,,,,,,,,,,,,,,,,,,,,,,,,,,,,,,,,,,Sciences Academy of Lisbon,Angola,
,,,,,,,,,,,,,,,,,,,,,,,,,,,,,,,,,,,,,,,,,,,,,,,,,,,,,,,,,,,,,Cape Verde,
,,,,,,,,,,,,,,,,,,,,,,,,,,,,,,,,,,,,,,,,,,,,,,,,,,,,,,,,,,,,,Taiwan,
,,,,,,,,,,,,,,,,,,,,,,,,,,,,,,,,,,,,,,,,,,,,,,,,,,,,,,,,,,,,,East Timor,
,,,,,,,,,,,,,,,,,,,,,,,,,,,,,,,,,,,,,,,,,,,,,,,,,,,,,,,,,,,,,Guinea-Bissau,
,,,,,,,,,,,,,,,,,,,,,,,,,,,,,,,,,,,,,,,,,,,,,,,,,,,,,,,,,,,,,Mozambique,
,,,,,,,,,,,,,,,,,,,,,,,,,,,,,,,,,,,,,,,,,,,,,,,,,,,,,,,,,,,,,São Tomé and Príncipe,
DOC0010,INS0002,UFES - campus Goiabeiras,Ciência da Informação,Mestrado,PES0013,Juliano Rezende Gama,PES0016,Maira Cristina Grigoleto,,,,,2019/1,DEF0010,2021-01-04T00:00:00Z,https://sappg.ufes.br/tese_drupal//tese_15092_JULIANO%20DISSERTA%C7%C3O%20%28VERSAO%20FINAL%29.pdf,O fluxo de informação dos processos de consulta tributária da receita federal do brasil: análise baseada no modelo australiano records continuum,"Analisa as implicações das diretrizes e acesso à informação e transparência pública, trazidas pela Lei nº 12.527/2011, no fluxo de informação do processo de consulta tributária da Secretaria da Receita Federal do Brasil, regulamentada pela Instrução Normativa RFB nº 1.396/2013. Utiliza como hipótese a aplicação do modelo Records Continuum como recurso orientador por entender que a sua utilização pela Administração Pública pode ser uma forma de se atender aos anseios da Lei de Acesso à Informação, pois os princípios que norteiam esse modelo visam a não enclausurar os registros e documentos. Trata-se de uma pesquisa exploratória de abordagem qualitativa que emprega a pesquisa bibliográfica e documental de natureza aplicada. Explana acerca do fluxo de informação no contexto da gestão da informação e da gestão documental. De forma mais específica, mapeia e estuda o fluxo de informação da consulta tributária que começa com o pedido do contribuinte consulente e termina com a publicação da solução de consulta pela Receita Federal. Realiza a análise de dados em três etapas: inicialmente, busca o entendimento dos eixos e coordenadas do modelo Records Continuum aplicados ao processo de consulta tributária. Em seguida, analisa o instrumento do Direito Tributário a partir das características das dimensões jurídicas do modelo Records Continuum. Por último, analisa as informações apresentadas pela Receita Federal sob a óptica das diretrizes da Lei de Acesso à Informação. Aponta como resultados melhorias identificadas e condizentes com a aplicação das diretrizes da Lei de Acesso à Informação no ambiente informacional avaliado na Receita Federal, pois foi identificado o aperfeiçoamento nos mecanismos de acesso à informação e transparência nas soluções de consulta e evidenciaram o modelo Records Continuum como capaz de auxiliar a análise do fluxo de informações tributárias pela Receita Federal do Brasil para o cumprimento da sua missão de promoção de justiça fiscal em benefício da sociedade.","The research aims to analyze the implications of the guidelines and access to information and public transparency, brought by Law nº 12.527 / 2011, in the information flow of the tax consultation process of the Secretariat of the Federal Revenue of Brazil, regulated by Normative Instruction RFB nº 1.396/ 2013. For that, we used as hypothesis the application of the Records Continuum model as a guiding resource for understanding that its use by the Public Administration can be a way to meet the wishes of the Access to Information Law, because the principles that guide this model aim not to enclose the records and documents. This is an exploratory research with a qualitative approach that uses bibliographic and documentary research of an applied nature. It was explained about information flow in the context of information management and document management. More specifically, the information flow of the tax consultation was mapped and studied, which begins with the request of the consulting taxpayer and ends with the publication of the consultation solution by the Federal Revenue Service. This study also included data analysis in three stages: initially, an attempt was made to understand the axes and coordinates of the Records Continuum model applied to the tax consultation process. Then, this instrument of Tax Law was analyzed by the characteristics of the legal dimensions of the Records Continuum model. Finally, the information presented by the Federal Revenue was analyzed from the perspective of the Access to Information Law guidelines. The results showed improvements in line with the application of the guidelines of this Law in the informational environment assessed by the Federal Revenue, as the improvement in the mechanisms of access to information and transparency in the consultation solutions was identified and evidenced the Records Continuum model as capable of assisting the analysis of the flow of tax information by the Federal Revenue of Brazil to fulfill its mission of promoting tax justice for the benefit of society",MBI0010,PES0014,Lucileide Andrade de Lima do Nascimento,,,,,MBE0010,PES0038,Fernando Luiz Vechiato,PES0039,Luzia Zorzal,PVC0010,Acesso à informação,Gestão da Informação,Fluxo de informação,Records Continuum,,,,Access to information,Information management,Information flow,Records Continuum,,,,PDF/A-1b,206,Português,sim,information science,http://www.wikidata.org/entity/Q16387,Q16387,http://dbpedia.org/resource/Ci%C3%AAncia_da_informa%C3%A7%C3%A3o,master's degree,http://www.wikidata.org/entity/Q183816,Q183816,http://dbpedia.org/resource/Master's_degree,Portuguese,International Portuguese Language Institute,Portugal,pt
,,,,,,,,,,,,,,,,,,,,,,,,,,,,,,,,,,,,,,,,,,,,,,,,,,,,,,,,,,,,Community of Portuguese Language Countries,Brazil,
,,,,,,,,,,,,,,,,,,,,,,,,,,,,,,,,,,,,,,,,,,,,,,,,,,,,,,,,,,,,Brazilian Academy of Letters,Spain,
,,,,,,,,,,,,,,,,,,,,,,,,,,,,,,,,,,,,,,,,,,,,,,,,,,,,,,,,,,,,Sciences Academy of Lisbon,Angola,
,,,,,,,,,,,,,,,,,,,,,,,,,,,,,,,,,,,,,,,,,,,,,,,,,,,,,,,,,,,,,Cape Verde,
,,,,,,,,,,,,,,,,,,,,,,,,,,,,,,,,,,,,,,,,,,,,,,,,,,,,,,,,,,,,,Taiwan,
,,,,,,,,,,,,,,,,,,,,,,,,,,,,,,,,,,,,,,,,,,,,,,,,,,,,,,,,,,,,,East Timor,
,,,,,,,,,,,,,,,,,,,,,,,,,,,,,,,,,,,,,,,,,,,,,,,,,,,,,,,,,,,,,Guinea-Bissau,
,,,,,,,,,,,,,,,,,,,,,,,,,,,,,,,,,,,,,,,,,,,,,,,,,,,,,,,,,,,,,Mozambique,
,,,,,,,,,,,,,,,,,,,,,,,,,,,,,,,,,,,,,,,,,,,,,,,,,,,,,,,,,,,,,São Tomé and Príncipe,
DOC0011,INS0002,UFES - campus Goiabeiras,Ciência da Informação,Mestrado,PES0017,Marcela Aguiar da Silva Nascimento,PES0019,Marta Leandro da Mata,,,,,2019/1,DEF0011,2021-08-06T00:00:00Z,https://sappg.ufes.br/tese_drupal//tese_15234_Disserta%E7%E3o%20Finalizada%20Marcela%20Aguiar%20%281%29.pdf,Práticas informacionais de travestis da Grande Vitória (ES),"Toda ação social deriva da dupla movimentação entre a subjetividade e os condicionamentos culturais a que os sujeitos estão alicerçados. Os estudos sobre práticas informacionais evidenciam como as ações cotidianas, os inter-relacionamentos, a interseccionalidade e os contextos socioculturais dinamizam e interferem no percurso informacional. As pesquisas sobre práticas informacionais de sujeitos LGBTQIA+ demonstram haver uma lacuna no que diz respeito às especificidades dos processos de busca, acesso, apropriação, uso e compartilhamento da informação da comunidade de travestis. Como as travestis são concomitantemente visíveis (pelas mídias) e invisíveis (pelas discriminações), é um desafio examinar questões relacionadas aos seus engajamentos com a informação. Levando em consideração que os sujeitos informacionais não estão isolados em um ambiente privado, que as identidades se constroem a partir das inter-relações e que os fenômenos informacionais são atravessados pelas demarcações políticas, econômicas, simbólicas e identitárias, chegou-se a seguinte questão: em que medida a identidade de gênero influencia nos aspectos voltados à busca, ao acesso, à apropriação, ao uso e à disseminação da informação das travestis da Grande Vitória (ES) em seus cotidianos? Nesse sentido, tornou-se imprescindível investigar as necessidades, fontes, disposições sociais/coletivas e as negociações informacionais dessa população em um viés interseccional, abarcando categorias como gênero, raça/etnia e classe social. Para tanto, o objetivo geral desta pesquisa consiste em analisar as práticas informacionais das travestis da Grande Vitória (ES) frente ao processo de construção da identidade de gênero. Do ponto de vista metodológico, trata-se de uma pesquisa exploratória com caráter qualitativo. Como método para coleta de dados, empregou-se a entrevista semiestruturada, guiada por um roteiro de três blocos, com oito travestis residentes da Grande Vitória (ES). Os resultados demonstraram que desde a infância as travestis relacionam-se com a feminilidade e que o ambiente doméstico se apresenta como parte da extensão dos valores cisgêneros e heterossexuais. As principais necessidades de informação condizem com a reestruturação do corpo por meio dos mecanismos sintéticos e anticoncepcionais. As fontes de informação mais utilizadas pelas travestis retroalimentam-se no ciclo contínuo da troca informacional: as travestis buscam com outras travestis. Os marcadores de diferença (gênero, raça/etnia, classe social) simbolizam uma tripla inferência na busca informacional. O uso da informação ocorre com o objetivo de reconstruir a cidadania e na disseminação de informações sobre performance, corpo, identidade e feminilidade através de suas corporeidades feminilizadas. O contexto das travestis é imbricado por intersecções e interações sociais que influenciam em todo o processo das práticas informacionais.","All social action derives from the double movement between subjectivity and cultural conditioning to which the subjects are based. Studies on informational practices show how daily actions, interrelationships, intersectionality and socio-cultural contexts dynamize and interfere in the informational path. Research on informational practices of LGBTQIA+ subjects shows that there is a gap with regard to the specificities of the processes of searching, accessing, appropriating, using and sharing information from the transvestite community. As transvestites are simultaneously visible (through the media) and invisible (due to discrimination), it is a challenge to examine issues related to their engagement with information. Taking into account that informational subjects are not isolated in a private environment, that identities are built from interrelations and that informational phenomena are crossed by political, economic, symbolic and identity demarcations, the following question was raised: to what extent does gender identity influence aspects related to the search, access, appropriation, use and dissemination of information about transvestites in Grande Vitória (ES) in their daily lives? In this sense, it became essential to investigate the needs, sources, social / collective dispositions and informational negotiations of this population in an intersectional bias, covering categories such as gender, race / ethnicity and social class. Therefore, the general objective of this research is to analyze the informational practices of transvestites in Grande Vitória (ES) in the face of the process of construction of gender identity. From a methodological point of view, it is an exploratory research with a qualitative character. As a tool for data collection, semi-structured interviews were used, guided by a three-block script, with eight transvestites living in Grande Vitória (ES). The results showed that, since childhood, transvestites are related to femininity and that the domestic environment is part of the extension of cisgender and heterosexual values. The main information needs are consistent with the restructuring of the body through synthetic and contraceptive mechanisms. The information sources most used by transvestites feed on the continuous cycle of information exchange: transvestites search with other transvestites. The difference markers (gender, race / ethnicity, social class) symbolize a triple inference in the informational search. The use of information occurs with the objective of rebuilding citizenship and in the dissemination of information about performance, body, identity and femininity through their feminized corporealities. The context of transvestites is imbricated by intersections and social interactions that influence the entire process of informational practices.",MBI0011,PES0020,Meri Nadia Marques Gerlin,Maira Cristina Grigoleto,Maira Cristina Grigoleto,,,MBE0011,PES0044,Helen de Castro Silva Casarin,PES0045,Adriana Rosecler Alcará Engelmann,PVC0011,Práticas informacionais,Travesti,Identidade de gênero,LGBTQIA+,,,,Informational practices,Transvestite,Gender identity,LGBTQIA+,,,,PDF/A-1b,120,Português,sim,information science,http://www.wikidata.org/entity/Q16387,Q16387,http://dbpedia.org/resource/Ci%C3%AAncia_da_informa%C3%A7%C3%A3o,master's degree,http://www.wikidata.org/entity/Q183816,Q183816,http://dbpedia.org/resource/Master's_degree,Portuguese,International Portuguese Language Institute,Portugal,pt
,,,,,,,,,,,,,,,,,,,,,,,,,,,,,,,,,,,,,,,,,,,,,,,,,,,,,,,,,,,,Community of Portuguese Language Countries,Brazil,
,,,,,,,,,,,,,,,,,,,,,,,,,,,,,,,,,,,,,,,,,,,,,,,,,,,,,,,,,,,,Brazilian Academy of Letters,Spain,
,,,,,,,,,,,,,,,,,,,,,,,,,,,,,,,,,,,,,,,,,,,,,,,,,,,,,,,,,,,,Sciences Academy of Lisbon,Angola,
,,,,,,,,,,,,,,,,,,,,,,,,,,,,,,,,,,,,,,,,,,,,,,,,,,,,,,,,,,,,,Cape Verde,
,,,,,,,,,,,,,,,,,,,,,,,,,,,,,,,,,,,,,,,,,,,,,,,,,,,,,,,,,,,,,Taiwan,
,,,,,,,,,,,,,,,,,,,,,,,,,,,,,,,,,,,,,,,,,,,,,,,,,,,,,,,,,,,,,East Timor,
,,,,,,,,,,,,,,,,,,,,,,,,,,,,,,,,,,,,,,,,,,,,,,,,,,,,,,,,,,,,,Guinea-Bissau,
,,,,,,,,,,,,,,,,,,,,,,,,,,,,,,,,,,,,,,,,,,,,,,,,,,,,,,,,,,,,,Mozambique,
,,,,,,,,,,,,,,,,,,,,,,,,,,,,,,,,,,,,,,,,,,,,,,,,,,,,,,,,,,,,,São Tomé and Príncipe,
DOC0012,INS0002,UFES - campus Goiabeiras,Ciência da Informação,Mestrado,PES0021,Mônica Alves da Fonseca,PES0014,Lucileide Andrade de Lima do Nascimento,,,,,2019/1,DEF0012,2021-07-10T00:00:00Z,https://sappg.ufes.br/tese_drupal//tese_15613_Dissertacao03dez2021%20MONICA%20%28FINALIZADA%20PARA%20IMPRESSAO%20%282%29%20%281%29.pdf,"As vinculações entre competência em informação, tecnologias e protagonismo social: análise sob uma abordagem social","Investiga as vinculações teórico-conceituais entre competência em informação e usos sociais de Tecnologias da Informação e da Comunicação (TIC) para produção de protagonismo social de minorias sociais. Sob o paradigma social: a) caracteriza a emergência do termo mediação sob um viés social e suas vinculações com o paradigma social da informação; b) discute usos sociais e potenciais aplicações de Tecnologias da Informação e da Comunicação (TIC) nos processos de desenvolvimento de competência em informação para produção de protagonismo social; c) distingue modelos teóricos e metodologias de desenvolvimento de competência em informação que propiciam a produção de protagonismo social; d) caracteriza produção científica brasileira, no campo da Ciência da Informação, relacionada ao desenvolvimento da competência em informação, mediada por tecnologias, para produção de protagonismo social de minorias sociais. Considera como ambiente empírico de investigação da pesquisa a produção científica nacional em Ciência da Informação publicada nos anais do Encontro Nacional de Pesquisa e Pós-Graduação em Ciência da Informação (Enancib) durante o período de 2016 a 2019 tratando de competência em informação. Constitui a pesquisa como do tipo exploratória e utiliza a pesquisa bibliográfica como estratégia de produção de dados. Desenvolve revisão da literatura tratando de temáticas que se constituem como pano de fundo para constituição do marco teórico: os conceitos de informação e de conhecimento sob o paradigma social, a percepção do sujeito como social e revisão de abordagens sobre mediação e apropriação da informação na dinâmica social. Desdobra o marco teórico em três partes discutindo à luz da literatura os fundamentos teóricos da competência em informação, das vinculações com as Tecnologias da Informação e da Comunicação (TIC) para a produção de protagonismo social de minorias sociais. No desfecho da pesquisa bibliográfica constitui a caracterização de estudos e de práticas identificadas de desenvolvimento da competência em informação mediada por tecnologias para produção de protagonismo de minorias sociais, na amostra estratificada. Entre os Grupos temáticos de trabalho (GT) averiguamos que o GT 3 Mediação, Circulação e Apropriação da Informação agrupou o maior quantitativo dos estudos. Em seguida, foi o GT 2 Organização e Representação do Conhecimento concentrou. Foram identificados um total de 51 autores. A maioria (73%) representada por autoras e os demais (27%) por autores. Entre os públicos mencionados nos estudos, verificamos que as mulheres, as pessoas negras, quilombolas e pessoas trans foram amplamente contempladas nos estudos. Entre os grupos sociais mencionados como minorias sociais, foram listados: Adultos em processo de escolarização tardia e matriculados em turmas de Educação de Jovens e Adultos, quilombolas, alunos com deficiência, mulheres negras, deficiente visual, estudantes com deficiência no ensino superior.","It investigates the theoretical-conceptual links between competence in information and the social uses of Information and Communication Technologies (TIC) to produce social protagonism by social minorities. Under the social paradigm: a) it characterizes the emergence of the term mediation under a social bias and its links with the social paradigm of information; b) discusses social uses and potential applications of Information and Communication Technologies (TIC) in the processes of developing information competence to produce social protagonism; c) distinguishes theoretical models and methodologies for the development of information competence that promote the production of social protagonism; d) characterizes Brazilian scientific production, in the field of Information Science, related to the development of information competence, mediated by technologies, for the production of social protagonism of social minorities. It considers as a research environment the national scientific production in Information Science, published in the annals of the National Meeting of Research and Graduate Studies in Information Science (Enancib) during the period from 2016 to 2019 dealing with information competence. It constitutes research as exploratory and uses bibliographic research as a data production strategy. It develops a literature review dealing with themes that constitute a background for the constitution of the theoretical framework: the concepts of information and knowledge under the social paradigm, the perception of the subject as social and a review of approaches on mediation and appropriation of information in the dynamics Social. It unfolds the theoretical framework in three parts, discussing considering the literature the theoretical foundations of competence in information, of the links with the Information and Communication Technologies (TIC) to produce social protagonism of social minorities. In the outcome of the bibliographic research, it hopes to characterize studies and practices identified for the development of information competence mediated by technologies to produce social minority protagonism, in the stratified sample. The outcome of the bibliographical research constitutes the characterization of studies and practices identified for the development of competence in information mediated by technologies for the production of protagonism of social minorities, in the stratified sample. Among the Thematic Working Groups (GT) we found that GT 3 Mediation, Circulation and Appropriation of Information grouped the largest number of studies. Then it was the GT 2 Organization and Representation of Knowledge concentrated. A total of 51 authors were identified. The majority (73%) represented by authors and the others (27%) by authors. Among the publics mentioned in the studies, we found that women, black people, quilombolas and trans people were widely covered in the studies. Among the social groups mentioned as social minorities, the following were listed: Adults in the process of late schooling and enrolled in Youth and Adult Education classes, quilombolas, students with disabilities, black women, visually impaired, students with disabilities in higher education.",MBI0012,PES0020,Meri Nadia Marques Gerlin,,,,,MBE0012,PES0046,Brisa Pozzi Sousa,,,PVC0012,Usos sociais da informação,Mediação da informação,Minorias Sociais,Protagonismo social,,,,Social uses of information,Information mediation,Social Minorities,Social protagonism,,,,PDF/A-1b,210,Português,sim,information science,http://www.wikidata.org/entity/Q16387,Q16387,http://dbpedia.org/resource/Ci%C3%AAncia_da_informa%C3%A7%C3%A3o,master's degree,http://www.wikidata.org/entity/Q183816,Q183816,http://dbpedia.org/resource/Master's_degree,Portuguese,International Portuguese Language Institute,Portugal,pt
,,,,,,,,,,,,,,,,,,,,,,,,,,,,,,,,,,,,,,,,,,,,,,,,,,,,,,,,,,,,Community of Portuguese Language Countries,Brazil,
,,,,,,,,,,,,,,,,,,,,,,,,,,,,,,,,,,,,,,,,,,,,,,,,,,,,,,,,,,,,Brazilian Academy of Letters,Spain,
,,,,,,,,,,,,,,,,,,,,,,,,,,,,,,,,,,,,,,,,,,,,,,,,,,,,,,,,,,,,Sciences Academy of Lisbon,Angola,
,,,,,,,,,,,,,,,,,,,,,,,,,,,,,,,,,,,,,,,,,,,,,,,,,,,,,,,,,,,,,Cape Verde,
,,,,,,,,,,,,,,,,,,,,,,,,,,,,,,,,,,,,,,,,,,,,,,,,,,,,,,,,,,,,,Taiwan,
,,,,,,,,,,,,,,,,,,,,,,,,,,,,,,,,,,,,,,,,,,,,,,,,,,,,,,,,,,,,,East Timor,
,,,,,,,,,,,,,,,,,,,,,,,,,,,,,,,,,,,,,,,,,,,,,,,,,,,,,,,,,,,,,Guinea-Bissau,
,,,,,,,,,,,,,,,,,,,,,,,,,,,,,,,,,,,,,,,,,,,,,,,,,,,,,,,,,,,,,Mozambique,
,,,,,,,,,,,,,,,,,,,,,,,,,,,,,,,,,,,,,,,,,,,,,,,,,,,,,,,,,,,,,São Tomé and Príncipe,
DOC0013,INS0002,UFES - campus Goiabeiras,Ciência da Informação,Mestrado,PES0022,Nayane Viale Vargas,PES0025,Rosa da Penha Ferreira da Costa,,,,,2019/1,DEF0013,2021-09-30T00:00:00Z,https://sappg.ufes.br/tese_drupal//tese_15611_Disserta%E7%E3o%20VERS%C3O%20%20final%20Nayane%20Viale%20%20Vargas%20-%20PPGCI%20%281%29_08%20NOV.pdf,Entre promessas e realidade? as ações institucionalizadas de preservação da memória e do patrimônio cultural material de bento rodrigues e paracatu de baixo após o desastre ambiental,"Os impactos em Bento Rodrigues e Paracatu de Baixo com o rompimento da barragem de Fundão foram diversos, comprometendo o patrimônio histórico, arquitetônico, artístico e cultural da região de Mariana, Minas Gerais (MG), que abriga, até hoje, riquezas dos tempos do Brasil-colônia ligadas à religiosidade e à produção de ouro. Essa pesquisa investiga, à luz do Termo de Transação e Ajustamento de Conduta, os relatórios do Programa 12 da Fundação Renova que discorrem sobre as ações executadas de preservação da memória e do patrimônio cultural material dos subdistritos de Bento Rodrigues e Paracatu de Baixo após o rompimento da barragem de Fundão (MG) no período de 2016 a 2019. Os recursos metodológicos conjugam uma pesquisa bibliográfica e documental, com abordagem qualitativa, pautada pelas categorias: patrimônio, preservação, identidade, lugar de memória e memória no contexto da Ciência da Informação. O rompimento da barragem de Fundão causou diversos impactos no patrimônio cultural de Bento Rodrigues e Paracatu de Baixo, lugares que congregavam uma rica história do período colonial brasileiro. Assim, garantir a preservação da história e a memória do patrimônio cultural material destes subdistritos possibilita restabelecer os laços afetivos e de identidade de um grupo. Os resultados obtidos mostraram elaboração parcial de projetos, inventários, processo de desinfecção de fungos e bactérias, restauração em peças sacras, oficinas e capacitações com fraca participação das comunidades de Bento Rodrigues e de Paracatu de Baixo, além de sugerir que a raiz de alguns problemas acerca do patrimônio cultural material atingidos pela lama da barragem nos subdistritos pesquisados se encontram no Termo de Transação e Ajustamento de Conduta, ao configurar-se um documento subjetivo em seu teor, limitando-se a apontar caminhos concretos para a reparação dos danos.","The impacts on Bento Rodrigues and Paracatu de Baixo with the collapse of the Fundão dam were diverse, compromising the historical, architectural, artistic and cultural heritage of the Mariana region, Minas Gerais (MG), which is still home to riches from the times of Brazil-colony linked to religiosity and gold production. This research investigates, in the light of the Term of Transaction and Adjustment of Conduct, the reports of Program 12 of the Renova Foundation that discuss the actions taken to preserve the memory and material cultural heritage of the sub-districts of Bento Rodrigues and Paracatu de Baixo after the breakup. Of the Fundão dam (MG) in the period from 2016 to 2019. The methodological resources combine a bibliographic and documentary research, with a qualitative approach, guided by the categories: heritage, preservation, identity, place of memory and memory in the context of Information Science. The collapse of the Fundão dam caused several impacts on the cultural heritage of Bento Rodrigues and Paracatu de Baixo, places that brought together a rich history of the Brazilian colonial period. Thus, guaranteeing the preservation of the history and memory of the material cultural heritage of these sub-districts makes it possible to re-establish the affective and identity ties of a group. The results obtained showed partial elaboration of projects, inventories, fungus and bacteria disinfection process, restoration in sacred pieces, workshops and training with weak participation of the communities of Bento Rodrigues and Paracatu de Baixo, besides suggesting that the root of some problems about the material cultural heritage affected by the mud from the dam in the sub-districts surveyed are found in the Term of Transaction and Adjustment of Conduct, by configuring a subjective document in its content, limited to pointing out concrete ways to repair the damage.",MBI0013,PES0016,Maira Cristina Grigoleto,,,,,MBE0013,PES0048,Georgete Medleg Rodrigues,PES0047,Aparecido José Cirillo,PVC0013,Barragem de Fundão,Bento Rodrigues,Fundação Renova,Memória,Paracatu de Baixo,Patrimônio Cultural Material,Preservação,Barragem de Fundão,Bento Rodrigues,Fundação Renova,Memory,Paracatu de Baixo,Material Cultural Heritage,Preservation,PDF/A-1b,170,Português,sim,information science,http://www.wikidata.org/entity/Q16387,Q16387,http://dbpedia.org/resource/Ci%C3%AAncia_da_informa%C3%A7%C3%A3o,master's degree,http://www.wikidata.org/entity/Q183816,Q183816,http://dbpedia.org/resource/Master's_degree,Portuguese,International Portuguese Language Institute,Portugal,pt
,,,,,,,,,,,,,,,,,,,,,,,,,,,,,,,,,,,,,,,,,,,,,,,,,,,,,,,,,,,,Community of Portuguese Language Countries,Brazil,
,,,,,,,,,,,,,,,,,,,,,,,,,,,,,,,,,,,,,,,,,,,,,,,,,,,,,,,,,,,,Brazilian Academy of Letters,Spain,
,,,,,,,,,,,,,,,,,,,,,,,,,,,,,,,,,,,,,,,,,,,,,,,,,,,,,,,,,,,,Sciences Academy of Lisbon,Angola,
,,,,,,,,,,,,,,,,,,,,,,,,,,,,,,,,,,,,,,,,,,,,,,,,,,,,,,,,,,,,,Cape Verde,
,,,,,,,,,,,,,,,,,,,,,,,,,,,,,,,,,,,,,,,,,,,,,,,,,,,,,,,,,,,,,Taiwan,
,,,,,,,,,,,,,,,,,,,,,,,,,,,,,,,,,,,,,,,,,,,,,,,,,,,,,,,,,,,,,East Timor,
,,,,,,,,,,,,,,,,,,,,,,,,,,,,,,,,,,,,,,,,,,,,,,,,,,,,,,,,,,,,,Guinea-Bissau,
,,,,,,,,,,,,,,,,,,,,,,,,,,,,,,,,,,,,,,,,,,,,,,,,,,,,,,,,,,,,,Mozambique,
,,,,,,,,,,,,,,,,,,,,,,,,,,,,,,,,,,,,,,,,,,,,,,,,,,,,,,,,,,,,,São Tomé and Príncipe,
DOC0014,INS0002,UFES - campus Goiabeiras,Ciência da Informação,Mestrado,PES0024,Ronald Tavares Leão Moret,PES0019,Marta Leandro da Mata,,,,,2020/1,DEF0014,2022-02-09T00:00:00Z,,"A competência em informação em institutos federais de educação, ciência e tecnologia: sentidos, práticas e desafios a partir das bibliotecas multiníveis",,,MBI0014,PES0020,Meri Nadia Marques Gerlin,,,,,MBE0014,PES0045,Adriana Rosecler Alcará Engelmann,,,PVC0014,,,,,,,,,,,,,,,,,,,information science,http://www.wikidata.org/entity/Q16387,Q16387,http://dbpedia.org/resource/Ci%C3%AAncia_da_informa%C3%A7%C3%A3o,master's degree,http://www.wikidata.org/entity/Q183816,Q183816,http://dbpedia.org/resource/Master's_degree,,,,
DOC0015,INS0002,UFES - campus Goiabeiras,Ciência da Informação,Mestrado,PES0026,Rosemery Araujo Xavier,PES0018,Margarete Farias de Moraes,,,PES0029,Tânia Barbosa Salles Gava,2020/1,DEF0015,2022-08-29T00:00:00Z,https://sappg.ufes.br/tese_drupal//tese_16629_2022.09.20_Disserta%E7%E3o_Vers%E3o%20final_Organizado_Rosemery.pdf,Proposta de implantação de repositório arquivístico digital confiável (rdc-arq): o caso do governo do estado do Espírito Santo,"A transformação digital representa um grande desafio na reestruturação, não só dos processos, como na cultura organizacional. Os impactos causados por essa transformação têm sido motivo de grande interesse, especialmente pela comunidade científica. Participando desse desafio, este estudo buscou elaborar uma proposta de modelo de implantação de um Repositório Arquivístico Digital Confiável (RDC-Arq). Para alcançar este propósito maior, foram traçados objetivos específicos como: 1. apresentar os aspectos legais e teóricos para a implantação de um RDC-Arq, fundamentados nas diretrizes aprovadas pela Resolução do Conarq nº 43 de 2015, que tiveram como base a Norma ISO 16363:2012 e a norma ISO 14721:2012; 2. elaborar um modelo de implantação de um RDC-Arq, identificando suas principais etapas, com base na Resolução do Conarq nº 43 de 2015; 3. aplicar o modelo de implantação do RDC-Arq ao contexto do Governo do Estado do Espírito Santo. Considerando as demandas do produtor e/ou custodiador dos objetos de arquivo, no caso, o Governo do Estado do Espírito Santo. Este estudo foi conduzido por uma pesquisa de natureza aplicada, com objetivos de uma pesquisa descritiva, utilizando uma abordagem qualitativa e com procedimentos de uma pesquisa bibliográfica e documental. A partir de uma revisão de literatura, foi possível comprovar a relevância e a urgência sobre o tema da preservação digital em um ambiente capaz de garantir a preservação, o acesso e a difusão da informação, em um ambiente digital, pelo tempo necessário. A preocupação por este tema é representada aqui na fala Duranti (2016) “Avremo un sistema di conservazione affidabile in futuro”? Assim, a fim de reunir informações necessárias para executar essa tarefa, foram apresentados aspectos legais e teóricos capazes de subsidiar a elaboração desta proposta de modelo. De forma estruturada, este estudo apresenta uma análise do Open Archival Information System (Oais), por ser um Sistema de Arquivamento da Informação, armazenamento, preservação e acesso da informação digital; realiza uma abordagem teórico conceitual sobre as Diretrizes para a Implementação de Repositórios Arquivísticos Digitais Confiáveis, aprovadas pela Resolução do Conarq nº 43 de 2015, e suas principais bases teóricas (ISO 16363:2012 e ISO 14721:2012); apresenta uma proposta de modelo para implantação do RDC-Arq; traz ainda uma adaptação do modelo ao contexto do Governo do Estado do Espírito Santo; e finalmente, apresenta suas considerações.","Digital transformation represents a major challenge in restructuring, not only processes, but also organizational culture. The impacts caused by this transformation have been of great interest, especially by the scientific community. Participating in this challenge, this study sought to develop a proposal for a model for the implementation of a Reliable Digital Archival Repository (RDC-Arq). To achieve this greater purpose, specific objectives were outlined, such as: 1. to present the legal and theoretical aspects for the implementation of an RDC-Arq, based on the guidelines approved by Conarq Resolution No. 43 of 2015, which were based on the ISO 16363 Standard :2012 and the ISO 14721:2012 standard; 2. elaborate a model for the implementation of an RDC-Arq, identifying its main stages, based on Conarq Resolution No. 43 of 2015; 3. apply the RDC-Arq implementation model to the context of the Government of the State of Espírito Santo. Considering the demands of the producer and/or custodian of the archive objects, in this case, the Government of the State of Espírito Santo. This study was conducted by a research of an applied nature, with the objectives of a descriptive research, using a qualitative approach and with procedures of a bibliographic and documentary research. From a literature review, it was possible to prove the relevance and urgency on the subject of digital preservation in an environment capable of guaranteeing the preservation, access and dissemination of information, in a digital environment, for the necessary time. Is the concern for this topic represented here in Duranti’s speech (2016) “Avremo un sistema di conservazione affidabile in futuro”? Thus, in order to gather information necessary to perform this task, legal and theoretical aspects capable of supporting the elaboration of this model proposal were presented. In a structured way, this study presents an analysis of the Open Archival Information System (Oais), as it is an Information Archiving System, storage, preservation and access of digital information; performs a theoretical and conceptual approach on the Guidelines for the Implementation of Reliable Digital Archival Repositories, approved by Conarq Resolution nº 43 of 2015, and its main theoretical bases (ISO 16363:2012 and ISO 14721:2012); presents a model proposal for the implementation of the RDC-Arq; it also brings an adaptation of the model to the context of the Government of the State of Espírito Santo; and finally, presents its considerations.",MBI0015,PES0020,Meri Nadia Marques Gerlin,,,,,MBE0015,PES0049,Daniel Flores,,,PVC0015,preservação digital,preservação digital sistêmica,Modelo Oais,RDC-Arq,interoperabilidade,,,digital preservation,systemic digital preservation,Oais model,RDC-Arq,interoperability,,,PDF/A-1b,103,Português,sim,information science,http://www.wikidata.org/entity/Q16387,Q16387,http://dbpedia.org/resource/Ci%C3%AAncia_da_informa%C3%A7%C3%A3o,master's degree,http://www.wikidata.org/entity/Q183816,Q183816,http://dbpedia.org/resource/Master's_degree,Portuguese,International Portuguese Language Institute,Portugal,pt
,,,,,,,,,,,,,,,,,,,,,,,,,,,,,,,,,,,,,,,,,,,,,,,,,,,,,,,,,,,,Community of Portuguese Language Countries,Brazil,
,,,,,,,,,,,,,,,,,,,,,,,,,,,,,,,,,,,,,,,,,,,,,,,,,,,,,,,,,,,,Brazilian Academy of Letters,Spain,
,,,,,,,,,,,,,,,,,,,,,,,,,,,,,,,,,,,,,,,,,,,,,,,,,,,,,,,,,,,,Sciences Academy of Lisbon,Angola,
,,,,,,,,,,,,,,,,,,,,,,,,,,,,,,,,,,,,,,,,,,,,,,,,,,,,,,,,,,,,,Cape Verde,
,,,,,,,,,,,,,,,,,,,,,,,,,,,,,,,,,,,,,,,,,,,,,,,,,,,,,,,,,,,,,Taiwan,
,,,,,,,,,,,,,,,,,,,,,,,,,,,,,,,,,,,,,,,,,,,,,,,,,,,,,,,,,,,,,East Timor,
,,,,,,,,,,,,,,,,,,,,,,,,,,,,,,,,,,,,,,,,,,,,,,,,,,,,,,,,,,,,,Guinea-Bissau,
,,,,,,,,,,,,,,,,,,,,,,,,,,,,,,,,,,,,,,,,,,,,,,,,,,,,,,,,,,,,,Mozambique,
,,,,,,,,,,,,,,,,,,,,,,,,,,,,,,,,,,,,,,,,,,,,,,,,,,,,,,,,,,,,,São Tomé and Príncipe,
DOC0016,INS0002,UFES - campus Goiabeiras,Ciência da Informação,Mestrado,PES0027,Rosilda Adelaide Rufo,PES0023,Pedro Ernesto Fagundes,PES0018,Margarete Farias de Moraes,,,2020/1,DEF0016,2022-02-09T00:00:00Z,https://sappg.ufes.br/tese_drupal//tese_16680_9%20-%20Disserta%E7%E3o%20-%20ROSILDA_%20Vers%E3o%20Final%2011.10.22_MEM%D3RIAS%20REVELADAS_DOPSES%20%281%29.pdf,Projeto memórias reveladas no arquivo público do estado do Espírito Santo a partir do acervo da dops/es: acervos arquivísticos e a construção de identidade social,"Trata-se de um estudo sobre o Projeto Memórias Reveladas e sua contribuição para a construção da Identidade Social do Arquivo Público do Estado do Espírito Santo (APEES), a partir da custódia de documentos do acervo da Delegacia de Ordem Política e Social do Estado do Espírito Santo (DOPS/ES). Analisa, via publicações recuperadas durante pesquisa em repositórios científicos e revisão de literatura, em que medida se encontra articulado à construção, à cooperação e ao fortalecimento da memória social do Arquivo. A metodologia utiliza pesquisa bibliográfica, descritiva e exploratória tendo como pano de fundo um estudo de caso. Como objetivo pretendese identificar em que medida custodiar o acervo do Projeto Memórias Reveladas contribuiu para consolidar o papel da memória social do Arquivo, com documentos do período da ditadura militar (1964 - 1985), no recorte temporal de onze anos (2009 – 2020). Para tanto, utilizou-se de aplicação de um questionário, cujo resultado apontou entre outras variáveis a relevância do acervo da DOPS/ES na elaboração dos Relatórios das Comissões da Verdade da UFES e do Governo do Estado do Espírito Santo, bem como a fidelização do Arquivo como local onde a memória é fomentada. Como objetivo, pretende contribuir para estimular a produção científica relacionada à temática memória, arquivo e ditadura militar, principalmente, no contexto da Ciência da Informação, no que tange o âmbito social. Os resultados finais evidenciam que a temática não se esgota, apresentando oportunidade de aumento na produção de conhecimento voltado a acervos de violação de direitos humanos","This is a study on the Revealed Memories Project and its contribution to the construction of the Social Identity of the Public Archive of the State of Espírito Santo (APEES), based on the custody of documents from the collection of the Police Department for Political and Social Order of the State of Espírito Santo. Santo (DOPS/ES). It analyses, via publications retrieved during research in scientific repositories and literature review, to what extent it is articulated with the construction, cooperation and strengthening of the Archive's social memory. The methodology uses bibliographic, descriptive and exploratory research with a case study as a background. The objective is to identify to what extent the custody of the collection of the Revealed Memories Project contributed to consolidating the role of the Archive's social memory, with documents from the period of the military dictatorship (1964 - 1985), in the time frame of eleven years (2009 - 2020). ). To this end, a questionnaire was applied, the result of which pointed, among other variables, to the relevance of the DOPS/ES collection in the elaboration of the Reports of the Truth Commissions of UFES and the Government of the State of Espírito Santo, as well as the loyalty of the File as the location where memory is fostered. As an objective, it intends to contribute to stimulating scientific production related to the theme memory, archive and military dictatorship, mainly in the context of Information Science, in terms of the social sphere. The final results show that the theme is not exhausted, presenting an opportunity to increase the production of knowledge aimed at collections of human rights violations.",MBI0016,PES0015,Luiz Carlos da Silva,,,,,MBE0016,PES0050,Inez Terezinha Stampa,,,PVC0016,Memória Social,Ditadura Militar,Arquivo Público,Memórias Reveladas,Ciência da Informação,,,Social Memory,Military dictatorship,Public Archive,Memories Revealed,information Science,,,PDF/A-1b,,,,information science,http://www.wikidata.org/entity/Q16387,Q16387,http://dbpedia.org/resource/Ci%C3%AAncia_da_informa%C3%A7%C3%A3o,master's degree,http://www.wikidata.org/entity/Q183816,Q183816,http://dbpedia.org/resource/Master's_degree,,,,
DOC0017,INS0002,UFES - campus Goiabeiras,Ciência da Informação,Mestrado,PES0030,Vânia Célia de Oliveira,PES0020,Meri Nadia Marques Gerlin,,,,,2020/1,DEF0017,2022-11-25T00:00:00Z,,Desenvolvimento da competência leitora nas bibliotecas escolares de ensino fundamental: esquema metodológico de competências na área da informação,,,MBI0017,PES0019,Marta Leandro da Mata,,,,,MBE0017,PES0051,Vania Cristina Pires Nogueira Valente,,,PVC0017,,,,,,,,,,,,,,,,,,,information science,http://www.wikidata.org/entity/Q16387,Q16387,http://dbpedia.org/resource/Ci%C3%AAncia_da_informa%C3%A7%C3%A3o,master's degree,http://www.wikidata.org/entity/Q183816,Q183816,http://dbpedia.org/resource/Master's_degree,,,,
